"Qubit","T1 (us)","T2 (us)","Readout assignment error","Prob meas0 prep1","Prob meas1 prep0","Readout length (ns)","ID error","Single-qubit gate length (ns)","RX error","Z-axis rotation (rz) error","√x (sx) error","Pauli-X error","CZ error","Gate length (ns)","RZZ error","MEASURE error","MEASURE_2 error","Operational"
"0","264.66662951791915","498.0512310922384","0.006103515625","0.00439453125","0.0078125","2200","0.00020746029200304218","32","0.00020746029200304218","0","0.00020746029200304218","0.00020746029200304218","1:0.0009540450031296777","1:68","1:0.0008650610610594633","0.006103515625","0.002197265625","Yes"
"1","278.00410990722486","260.7658213504495","0.00537109375","0.00830078125","0.00244140625","2200","0.00012233444545021216","32","0.00012233444545021216","0","0.00012233444545021216","0.00012233444545021216","2:0.012556413228090285;0:0.0009540450031296777","2:68;0:68","2:0.011337010878631676;0:0.0008650610610594633","0.00537109375","0.00341796875","Yes"
"2","17.30973333098538","32.01813275621286","0.018310546875","0.033203125","0.00341796875","2200","0.0007880163090247244","32","0.0007880163090247244","0","0.0007880163090247244","0.0007880163090247244","1:0.012556413228090285;3:0.011486747795024344","1:68;3:88","1:0.011337010878631676;3:0.014407055611695807","0.018310546875","0.01123046875","Yes"
"3","206.69517962971818","317.1122116097185","0.002685546875","0.00390625","0.00146484375","2200","0.00017508072577371645","32","0.00017508072577371645","0","0.00017508072577371645","0.00017508072577371645","16:0.000865130352551341;2:0.011486747795024344;4:0.0009184607424344571","16:68;2:88;4:68","16:0.0008592743501178723;2:0.014407055611695807;4:0.0010524042170658165","0.002685546875","0.003173828125","Yes"
"4","268.9246049148305","404.9888374531007","0.003662109375","0.00390625","0.00341796875","2200","0.00012132456252436492","32","0.00012132456252436492","0","0.00012132456252436492","0.00012132456252436492","3:0.0009184607424344571;5:0.007629627558054908","3:68;5:68","3:0.0010524042170658165;5:0.0009204182847386277","0.003662109375","0.00341796875","Yes"
"5","276.87727635922784","397.0480180521213","0.005126953125","0.00634765625","0.00390625","2200","0.00019373809363328336","32","0.00019373809363328336","0","0.00019373809363328336","0.00019373809363328336","6:0.0007816546790562207;4:0.007629627558054908","6:68;4:68","6:0.0009197969865215039;4:0.0009204182847386277","0.005126953125","0.006103515625","Yes"
"6","160.11278196097723","216.29645340895976","0.0029296875","0.00390625","0.001953125","2200","0.00014035417062511482","32","0.00014035417062511482","0","0.00014035417062511482","0.00014035417062511482","5:0.0007816546790562207;7:0.0007599388557086861","5:68;7:68","5:0.0009197969865215039;7:0.0010634315235620861","0.0029296875","0.001953125","Yes"
"7","283.91150796663135","282.0708091538239","0.0078125","0.01416015625","0.00146484375","2200","0.00012962632629127648","32","0.00012962632629127648","0","0.00012962632629127648","0.00012962632629127648","17:0.0010691810877698216;6:0.0007599388557086861;8:0.0010324453865002137","17:68;6:68;8:68","17:0.0010212053582249192;6:0.0010634315235620861;8:0.0009797124853345163","0.0078125","0.002685546875","Yes"
"8","138.62017063048603","231.4415501484563","0.004638671875","0.00537109375","0.00390625","2200","0.00012048133806404612","32","0.00012048133806404612","0","0.00012048133806404612","0.00012048133806404612","9:0.00415042425517545;7:0.0010324453865002137","9:68;7:68","9:0.004245466665119463;7:0.0009797124853345163","0.004638671875","0.005615234375","Yes"
"9","72.59037715806491","113.87959665812535","0.0048828125","0.009765625","0","2200","0.001099312460166689","32","0.001099312460166689","0","0.001099312460166689","0.001099312460166689","8:0.00415042425517545;10:0.010318926799885803","8:68;10:68","8:0.004245466665119463;10:0.01132262933571404","0.0048828125","0.01025390625","Yes"
"10","148.15356936149433","83.28888067735568","0.005615234375","0.00830078125","0.0029296875","2200","0.0001901882851549931","32","0.0001901882851549931","0","0.0001901882851549931","0.0001901882851549931","9:0.010318926799885803;11:0.0031898387328567757","9:68;11:68","9:0.01132262933571404;11:0.0022872016541757023","0.005615234375","0.001220703125","Yes"
"11","302.7125860976827","378.0201762067545","0.00390625","0.005859375","0.001953125","2200","0.00019804739848811262","32","0.00019804739848811262","0","0.00019804739848811262","0.00019804739848811262","18:0.002429472545636413;10:0.0031898387328567757;12:0.011455557600412863","18:68;10:68;12:68","18:0.002103107258471293;10:0.0022872016541757023;12:0.005191064905129522","0.00390625","0.003662109375","Yes"
"12","244.38223322267675","319.19545692561354","0.0048828125","0.0087890625","0.0009765625","2200","0.00011361683046696967","32","0.00011361683046696967","0","0.00011361683046696967","0.00011361683046696967","13:0.0009837644117071942;11:0.011455557600412863","13:68;11:68","13:0.0009250810717255642;11:0.005191064905129522","0.0048828125","0.00146484375","Yes"
"13","300.5959058506747","436.17923231511804","0.01025390625","0.01611328125","0.00439453125","2200","0.00024789862772335743","32","0.00024789862772335743","0","0.00024789862772335743","0.00024789862772335743","12:0.0009837644117071942;14:0.0009097685678505218","12:68;14:68","12:0.0009250810717255642;14:0.0010023483428228397","0.01025390625","0.004638671875","Yes"
"14","270.1266640087731","417.9292624473572","0.003662109375","0.005859375","0.00146484375","2200","0.00010617692841665716","32","0.00010617692841665716","0","0.00010617692841665716","0.00010617692841665716","15:0.0008203280464435525;13:0.0009097685678505218","15:68;13:68","15:0.0009594344634737684;13:0.0010023483428228397","0.003662109375","0.002197265625","Yes"
"15","298.5291705759004","405.74420548580633","0.007080078125","0.0126953125","0.00146484375","2200","0.0001361168267492687","32","0.0001361168267492687","0","0.0001361168267492687","0.0001361168267492687","14:0.0008203280464435525;19:0.0007622325601470692","14:68;19:68","14:0.0009594344634737684;19:0.0009768044094603245","0.007080078125","0.006103515625","Yes"
"16","262.8564494346022","433.0553078835218","0.00439453125","0.00341796875","0.00537109375","2200","0.00016299042536533376","32","0.00016299042536533376","0","0.00016299042536533376","0.00016299042536533376","23:0.0008780902327369389;3:0.000865130352551341","23:68;3:68","23:0.0008684552131747458;3:0.0008592743501178723","0.00439453125","0.009521484375","Yes"
"17","104.12472315875357","121.93407852113863","0.0087890625","0.01416015625","0.00341796875","2200","0.00022161984114406862","32","0.00022161984114406862","0","0.00022161984114406862","0.00022161984114406862","7:0.0010691810877698216;27:0.0014667877104061477","7:68;27:68","7:0.0010212053582249192;27:0.0011158310602888966","0.0087890625","0.00341796875","Yes"
"18","260.1185533187301","250.72838409743932","0.00439453125","0.00732421875","0.00146484375","2200","0.00012311831153948913","32","0.00012311831153948913","0","0.00012311831153948913","0.00012311831153948913","11:0.002429472545636413;31:0.000804285495803303","11:68;31:68","11:0.002103107258471293;31:0.0013633979768479798","0.00439453125","0.002197265625","Yes"
"19","297.47996946550103","502.83695257131455","0.00341796875","0.00634765625","0.00048828125","2200","0.00008568252321974747","32","0.00008568252321974747","0","0.00008568252321974747","0.00008568252321974747","35:0.0009242163273417148;15:0.0007622325601470692","35:68;15:68","35:0.0013377568475810564;15:0.0009768044094603245","0.00341796875","0.004150390625","Yes"
"20","299.78076666798546","416.65752399016674","0.003173828125","0.00244140625","0.00390625","2200","0.00011639257618137908","32","0.00011639257618137908","0","0.00011639257618137908","0.00011639257618137908","21:0.0010022691070338263","21:68","21:0.0010171310259735056","0.003173828125","0.003173828125","Yes"
"21","303.1319390038938","378.6578463156019","0.014892578125","0.01123046875","0.0185546875","2200","0.0001747290320011782","32","0.0001747290320011782","0","0.0001747290320011782","0.0001747290320011782","36:0.0008545314986091734;20:0.0010022691070338263;22:0.0010966642979184094","36:68;20:68;22:68","36:0.0010756384666694985;20:0.0010171310259735056;22:0.0015156171611505342","0.014892578125","0.013427734375","Yes"
"22","225.72432352982148","274.7667257455584","0.0009765625","0.00146484375","0.00048828125","2200","0.0000962651845205268","32","0.0000962651845205268","0","0.0000962651845205268","0.0000962651845205268","23:0.0010175701653421243;21:0.0010966642979184094","23:68;21:68","23:0.0009598488623498991;21:0.0015156171611505342","0.0009765625","0.002197265625","Yes"
"23","337.75468688457033","412.04844073523935","0.003173828125","0.00439453125","0.001953125","2200","0.00014107391783830254","32","0.00014107391783830254","0","0.00014107391783830254","0.00014107391783830254","22:0.0010175701653421243;24:0.0009645574249388111;16:0.0008780902327369389","22:68;24:68;16:68","22:0.0009598488623498991;24:0.001083033035564701;16:0.0008684552131747458","0.003173828125","0.002197265625","Yes"
"24","300.6170379051259","452.6415320828458","0.0029296875","0.00537109375","0.00048828125","2200","0.00011893400156022258","32","0.00011893400156022258","0","0.00011893400156022258","0.00011893400156022258","23:0.0009645574249388111;25:0.0010338364517762655","23:68;25:68","23:0.001083033035564701;25:0.0009828129344448822","0.0029296875","0.00439453125","Yes"
"25","312.5813128974867","334.426840568569","0.005126953125","0.00537109375","0.0048828125","2200","0.00017755306686091443","32","0.00017755306686091443","0","0.00017755306686091443","0.00017755306686091443","24:0.0010338364517762655;26:0.0008395365390631293;37:0.0010717935404046253","24:68;26:68;37:68","24:0.0009828129344448822;26:0.0009643370470520385;37:0.0010289186410797624","0.005126953125","0.00341796875","Yes"
"26","271.90034153965894","287.0721697885957","0.00341796875","0.00439453125","0.00244140625","2200","0.0001696097892696391","32","0.0001696097892696391","0","0.0001696097892696391","0.0001696097892696391","25:0.0008395365390631293;27:0.0014920576092798954","25:68;27:68","25:0.0009643370470520385;27:0.001887815656057168","0.00341796875","0.004638671875","Yes"
"27","359.9765382723802","418.84487203543495","0.014404296875","0.0244140625","0.00439453125","2200","0.0005255594738165618","32","0.0005255594738165618","0","0.0005255594738165618","0.0005255594738165618","26:0.0014920576092798954;28:0.0011277079706893123;17:0.0014667877104061477","26:68;28:68;17:68","26:0.001887815656057168;28:0.001294246794721593;17:0.0011158310602888966","0.014404296875","0.045166015625","Yes"
"28","293.1651177577424","447.7597549443732","0.00537109375","0.0078125","0.0029296875","2200","0.0002559623834258847","32","0.0002559623834258847","0","0.0002559623834258847","0.0002559623834258847","27:0.0011277079706893123;29:0.0011029175741107677","27:68;29:68","27:0.001294246794721593;29:0.0011287445278979624","0.00537109375","0.000732421875","Yes"
"29","215.79124617815023","197.52433440436565","0.00341796875","0.001953125","0.0048828125","2200","0.00016224275375636342","32","0.00016224275375636342","0","0.00016224275375636342","0.00016224275375636342","38:0.0008526057067882453;28:0.0011029175741107677;30:0.001625608238047166","38:68;28:68;30:68","38:0.0009161590412141707;28:0.0011287445278979624;30:0.001933458059063503","0.00341796875","0.00732421875","Yes"
"30","223.23579924885433","232.04939159865037","0.0068359375","0.01123046875","0.00244140625","2200","0.00031138497936500543","32","0.00031138497936500543","0","0.00031138497936500543","0.00031138497936500543","31:0.001522918984010052;29:0.001625608238047166","31:68;29:68","31:0.0033739536556722793;29:0.001933458059063503","0.0068359375","0.003173828125","Yes"
"31","316.9037630558138","297.9287573307347","0.00146484375","0.00244140625","0.00048828125","2200","0.00012492382774587448","32","0.00012492382774587448","0","0.00012492382774587448","0.00012492382774587448","30:0.001522918984010052;32:0.0008236912376779759;18:0.000804285495803303","30:68;32:68;18:68","30:0.0033739536556722793;32:0.0021394908298812965;18:0.0013633979768479798","0.00146484375","0.004150390625","Yes"
"32","262.1114466524806","264.38531218054754","0.00439453125","0.0068359375","0.001953125","2200","0.0001216613205560683","32","0.0001216613205560683","0","0.0001216613205560683","0.0001216613205560683","31:0.0008236912376779759;33:0.0011459149209868125","31:68;33:68","31:0.0021394908298812965;33:0.0059900567984281505","0.00439453125","0.004638671875","Yes"
"33","343.9576078327062","301.14889953345113","0.004150390625","0.005859375","0.00244140625","2200","0.00009358314108809325","32","0.00009358314108809325","0","0.00009358314108809325","0.00009358314108809325","39:0.0012463757484671434;32:0.0011459149209868125;34:0.0013253066570259597","39:68;32:68;34:68","39:0.001437609320240535;32:0.0059900567984281505;34:0.0012159181433739619","0.004150390625","0.0029296875","Yes"
"34","296.97620087170407","369.1380136075435","0.00341796875","0.00439453125","0.00244140625","2200","0.00009191018150157251","32","0.00009191018150157251","0","0.00009191018150157251","0.00009191018150157251","33:0.0013253066570259597;35:0.0010941473563141901","33:68;35:68","33:0.0012159181433739619;35:0.000812601043265998","0.00341796875","0.00390625","Yes"
"35","298.8814149106632","532.8615856000606","0.003662109375","0.00537109375","0.001953125","2200","0.00016165275148256284","32","0.00016165275148256284","0","0.00016165275148256284","0.00016165275148256284","19:0.0009242163273417148;34:0.0010941473563141901","19:68;34:68","19:0.0013377568475810564;34:0.000812601043265998","0.003662109375","0.002685546875","Yes"
"36","256.84446923492635","343.32737207198585","0.004150390625","0.0078125","0.00048828125","2200","0.00011315907567121732","32","0.00011315907567121732","0","0.00011315907567121732","0.00011315907567121732","41:0.0012340242839788684;21:0.0008545314986091734","41:68;21:68","41:0.0012427172454231306;21:0.0010756384666694985","0.004150390625","0.00146484375","Yes"
"37","247.5899810876092","173.63826537491929","0.003662109375","0.00537109375","0.001953125","2200","0.0003239034414017565","32","0.0003239034414017565","0","0.0003239034414017565","0.0003239034414017565","45:0.001307824404815;25:0.0010717935404046253","45:68;25:68","45:0.001093141850472018;25:0.0010289186410797624","0.003662109375","0.0029296875","Yes"
"38","261.28257365411696","330.7772079457209","0.00244140625","0.00341796875","0.00146484375","2200","0.00020001106741380218","32","0.00020001106741380218","0","0.00020001106741380218","0.00020001106741380218","29:0.0008526057067882453;49:0.0010636009950967251","29:68;49:68","29:0.0009161590412141707;49:0.0009186208600554524","0.00244140625","0.0029296875","Yes"
"39","263.1002373726575","236.4840459411161","0.00439453125","0.005859375","0.0029296875","2200","0.0001319919935775121","32","0.0001319919935775121","0","0.0001319919935775121","0.0001319919935775121","53:0.0008627204428415525;33:0.0012463757484671434","53:68;33:68","53:0.0011951222556904062;33:0.001437609320240535","0.00439453125","0.00439453125","Yes"
"40","241.37865520733743","442.5617207851041","0.001953125","0.001953125","0.001953125","2200","0.00011608598828304435","32","0.00011608598828304435","0","0.00011608598828304435","0.00011608598828304435","41:0.001092932235733618","41:68","41:0.0008943446014593459","0.001953125","0.00244140625","Yes"
"41","295.19610771516994","207.77950663050552","0.005859375","0.009765625","0.001953125","2200","0.00011412746605922274","32","0.00011412746605922274","0","0.00011412746605922274","0.00011412746605922274","40:0.001092932235733618;42:0.0007772069049879204;36:0.0012340242839788684","40:68;42:68;36:68","40:0.0008943446014593459;42:0.0012514568008756277;36:0.0012427172454231306","0.005859375","0.006591796875","Yes"
"42","239.7748981128647","291.704287021467","0.003662109375","0.00390625","0.00341796875","2200","0.0001610071491133229","32","0.0001610071491133229","0","0.0001610071491133229","0.0001610071491133229","41:0.0007772069049879204;43:0.00109556533071134","41:68;43:68","41:0.0012514568008756277;43:0.0010041933882225518","0.003662109375","0.00927734375","Yes"
"43","297.7166596394177","377.13671287168927","0.00341796875","0.00244140625","0.00439453125","2200","0.00009068167137164309","32","0.00009068167137164309","0","0.00009068167137164309","0.00009068167137164309","42:0.00109556533071134;56:0.0007144123076420761;44:0.001134969793315288","42:68;56:68;44:68","42:0.0010041933882225518;56:0.0016737416785404524;44:0.0015785366245833488","0.00341796875","0.00244140625","Yes"
"44","210.4698567341037","250.1742189842618","0.00439453125","0.00732421875","0.00146484375","2200","0.0001116431028704503","32","0.0001116431028704503","0","0.0001116431028704503","0.0001116431028704503","45:0.0018989242805411144;43:0.001134969793315288","45:68;43:68","45:0.0016085125955871693;43:0.0015785366245833488","0.00439453125","0.0009765625","Yes"
"45","237.09238028831703","246.50612642400918","0.00390625","0.00390625","0.00390625","2200","0.0003868056282086379","32","0.0003868056282086379","0","0.0003868056282086379","0.0003868056282086379","44:0.0018989242805411144;46:0.10952884667434422;37:0.001307824404815","44:68;46:68;37:68","44:0.0016085125955871693;46:0.1337367280410813;37:0.001093141850472018","0.00390625","0.0048828125","Yes"
"46","64.54623665830636","4.98574279719817","0.0576171875","0.115234375","0","2200","0.008943594273328546","32","0.008943594273328546","0","0.008943594273328546","0.008943594273328546","45:0.10952884667434422;47:0.03179288265134381","45:68;47:68","45:0.1337367280410813;47:0.054825058867849885","0.0576171875","0.024169921875","Yes"
"47","265.40197650361347","266.1797696871083","0.00439453125","0.00732421875","0.00146484375","2200","0.00016404567246633252","32","0.00016404567246633252","0","0.00016404567246633252","0.00016404567246633252","48:0.0011572927118154719;57:0.0009306988920526615;46:0.03179288265134381","48:68;57:68;46:68","48:0.0012791901211494094;57:0.0012851842082905462;46:0.054825058867849885","0.00439453125","0.003173828125","Yes"
"48","259.88676582444674","329.7902086468379","0.00390625","0.00537109375","0.00244140625","2200","0.00008561250636627428","32","0.00008561250636627428","0","0.00008561250636627428","0.00008561250636627428","47:0.0011572927118154719;49:0.0013887454528595244","47:68;49:68","47:0.0012791901211494094;49:0.0011528989335714834","0.00390625","0.00244140625","Yes"
"49","293.8350323010724","251.1565688679823","0.004638671875","0.00390625","0.00537109375","2200","0.0003620401923265517","32","0.0003620401923265517","0","0.0003620401923265517","0.0003620401923265517","48:0.0013887454528595244;50:0.0012625504534431176;38:0.0010636009950967251","48:68;50:68;38:68","48:0.0011528989335714834;50:0.0011722382321768532;38:0.0009186208600554524","0.004638671875","0.004150390625","Yes"
"50","229.1093688725408","200.70758261696966","0.00341796875","0.00537109375","0.00146484375","2200","0.00019734251958029926","32","0.00019734251958029926","0","0.00019734251958029926","0.00019734251958029926","49:0.0012625504534431176;51:0.0011270296988244721","49:68;51:68","49:0.0011722382321768532;51:0.001137538245467501","0.00341796875","0.003173828125","Yes"
"51","264.1068401367845","250.58222409241407","0.001953125","0.00244140625","0.00146484375","2200","0.00017514969111723447","32","0.00017514969111723447","0","0.00017514969111723447","0.00017514969111723447","50:0.0011270296988244721;52:0.0008559290394278274;58:0.0009124216257025974","50:68;52:68;58:68","50:0.001137538245467501;52:0.0009995608228877961;58:0.0014419258786360911","0.001953125","0.001708984375","Yes"
"52","291.44161874314915","312.6051435642473","0.003173828125","0.0029296875","0.00341796875","2200","0.00014969203709918276","32","0.00014969203709918276","0","0.00014969203709918276","0.00014969203709918276","51:0.0008559290394278274;53:0.000991195028059083","51:68;53:68","51:0.0009995608228877961;53:0.0009807075935988896","0.003173828125","0.006103515625","Yes"
"53","329.13301821108337","331.1864741775136","0.014892578125","0.0126953125","0.01708984375","2200","0.0001581154176419339","32","0.0001581154176419339","0","0.0001581154176419339","0.0001581154176419339","39:0.0008627204428415525;52:0.000991195028059083;54:0.000850203429175328","39:68;52:68;54:88","39:0.0011951222556904062;52:0.0009807075935988896;54:0.001401238386120579","0.014892578125","0.009033203125","Yes"
"54","184.32632986788974","102.90299035531316","0.00390625","0.00341796875","0.00439453125","2200","0.00012057594527184552","32","0.00012057594527184552","0","0.00012057594527184552","0.00012057594527184552","53:0.000850203429175328;55:0.0007198752667350872","53:88;55:68","53:0.001401238386120579;55:0.0020128495725009743","0.00390625","0.002685546875","Yes"
"55","328.02006829233454","456.2002075579449","0.003173828125","0.001953125","0.00439453125","2200","0.00015828225822717737","32","0.00015828225822717737","0","0.00015828225822717737","0.00015828225822717737","59:0.0011645725909250892;54:0.0007198752667350872","59:68;54:68","59:0.0012277299896710225;54:0.0020128495725009743","0.003173828125","0.004638671875","Yes"
"56","302.4757199790831","525.3413279524364","0.004150390625","0.00634765625","0.001953125","2200","0.00009768256783771011","32","0.00009768256783771011","0","0.00009768256783771011","0.00009768256783771011","63:0.0015170639786176998;43:0.0007144123076420761","63:68;43:68","63:0.0009592865369643933;43:0.0016737416785404524","0.004150390625","0.00341796875","Yes"
"57","197.65467003741344","280.89139970207987","0.00390625","0.005859375","0.001953125","2200","0.00014725396136870786","32","0.00014725396136870786","0","0.00014725396136870786","0.00014725396136870786","47:0.0009306988920526615;67:0.0008613071225853919","47:68;67:68","47:0.0012851842082905462;67:0.001103862955618179","0.00390625","0.001220703125","Yes"
"58","231.66742648449653","247.10186623286697","0.006591796875","0.0078125","0.00537109375","2200","0.00014057884305385143","32","0.00014057884305385143","0","0.00014057884305385143","0.00014057884305385143","71:0.0009328071159040718;51:0.0009124216257025974","71:68;51:68","71:0.0011875360132891366;51:0.0014419258786360911","0.006591796875","0.00390625","Yes"
"59","314.90756750371486","405.5488268435599","0.0048828125","0.00439453125","0.00537109375","2200","0.00009969828730657731","32","0.00009969828730657731","0","0.00009969828730657731","0.00009969828730657731","55:0.0011645725909250892;75:0.0012721186799442286","55:68;75:68","55:0.0012277299896710225;75:0.0008568964793149447","0.0048828125","0.006591796875","Yes"
"60","255.3422650416139","240.49166746194075","0.121826171875","0.23779296875","0.005859375","2200","0.00011755708049796436","32","0.00011755708049796436","0","0.00011755708049796436","0.00011755708049796436","61:0.0013228392620541207","61:68","61:0.0010184796596592327","0.121826171875","0.0048828125","Yes"
"61","319.69532348224254","384.4071014382413","0.00732421875","0.00927734375","0.00537109375","2200","0.00015231104043690987","32","0.00015231104043690987","0","0.00015231104043690987","0.00015231104043690987","76:0.0009873583498487826;60:0.0013228392620541207;62:0.0009767641368315927","76:68;60:68;62:68","76:0.0008883554266934657;60:0.0010184796596592327;62:0.000967919099656489","0.00732421875","0.003662109375","Yes"
"62","268.95577923138484","257.74301417856714","0.00439453125","0.005859375","0.0029296875","2200","0.00013623985440197164","32","0.00013623985440197164","0","0.00013623985440197164","0.00013623985440197164","61:0.0009767641368315927;63:0.0007484693147283006","61:68;63:68","61:0.000967919099656489;63:0.0012317546277144376","0.00439453125","0.001708984375","Yes"
"63","418.23190814507257","304.99958783366935","0.004150390625","0.0048828125","0.00341796875","2200","0.00007124852223804829","32","0.00007124852223804829","0","0.00007124852223804829","0.00007124852223804829","56:0.0015170639786176998;62:0.0007484693147283006;64:0.0025350340647711245","56:68;62:68;64:68","56:0.0009592865369643933;62:0.0012317546277144376;64:0.002632133738785486","0.004150390625","0.001220703125","Yes"
"64","27.96598202433165","51.40002250462757","0.0107421875","0.0205078125","0.0009765625","2200","0.00045990401768992734","32","0.00045990401768992734","0","0.00045990401768992734","0.00045990401768992734","65:0.002420033415418299;63:0.0025350340647711245","65:68;63:68","65:0.00225013849790498;63:0.002632133738785486","0.0107421875","0.003662109375","Yes"
"65","350.53476290588407","295.0765819766407","0.021728515625","0.00634765625","0.037109375","2200","0.0001037365045865343","32","0.0001037365045865343","0","0.0001037365045865343","0.0001037365045865343","64:0.002420033415418299;66:0.0009847166861868817;77:0.0008454017237768674","64:68;66:68;77:68","64:0.00225013849790498;66:0.0012769692671040778;77:0.001410293062878959","0.021728515625","0.011962890625","Yes"
"66","265.7664518435312","275.0201840501282","0.00439453125","0.00390625","0.0048828125","2200","0.00010107241649152975","32","0.00010107241649152975","0","0.00010107241649152975","0.00010107241649152975","65:0.0009847166861868817;67:0.0024540148886292024","65:68;67:68","65:0.0012769692671040778;67:0.002448718412701195","0.00439453125","0.001708984375","Yes"
"67","303.0850488134406","435.6747482482431","0.000732421875","0.00146484375","0","2200","0.00007518503213633361","32","0.00007518503213633361","0","0.00007518503213633361","0.00007518503213633361","68:0.0007939705158555299;57:0.0008613071225853919;66:0.0024540148886292024","68:68;57:68;66:68","68:0.0008771629094101452;57:0.001103862955618179;66:0.002448718412701195","0.000732421875","0.000244140625","Yes"
"68","289.7193026398165","218.22958825809823","0.005126953125","0.00830078125","0.001953125","2200","0.00010876828589271243","32","0.00010876828589271243","0","0.00010876828589271243","0.00010876828589271243","67:0.0007939705158555299;69:0.0007514481959201014","67:68;69:68","67:0.0008771629094101452;69:0.0007297126736281745","0.005126953125","0.00244140625","Yes"
"69","336.15152571590687","309.67246309768467","0.0048828125","0.0068359375","0.0029296875","2200","0.00009945697214708967","32","0.00009945697214708967","0","0.00009945697214708967","0.00009945697214708967","78:0.0012301634495728575;68:0.0007514481959201014;70:0.0010405395655434801","78:68;68:68;70:68","78:0.0009151913989307869;68:0.0007297126736281745;70:0.0009622470340107381","0.0048828125","0.003173828125","Yes"
"70","99.5512158376285","176.48136658236703","0.00341796875","0.00537109375","0.00146484375","2200","0.00023051548996682022","32","0.00023051548996682022","0","0.00023051548996682022","0.00023051548996682022","69:0.0010405395655434801;71:0.0019346847800191525","69:68;71:68","69:0.0009622470340107381;71:0.0012407563141967337","0.00341796875","0.00390625","Yes"
"71","257.16930358299834","345.6538776574991","0.00146484375","0.001953125","0.0009765625","2200","0.00011007758479899089","32","0.00011007758479899089","0","0.00011007758479899089","0.00011007758479899089","72:0.000842562761840665;58:0.0009328071159040718;70:0.0019346847800191525","72:68;58:68;70:68","72:0.0009403216759090727;58:0.0011875360132891366;70:0.0012407563141967337","0.00146484375","0.00537109375","Yes"
"72","243.13390084925584","256.4786591233118","0.0048828125","0.0048828125","0.0048828125","2200","0.00014043004952323798","32","0.00014043004952323798","0","0.00014043004952323798","0.00014043004952323798","73:0.0015614201581821974;71:0.000842562761840665","73:68;71:68","73:0.001173748685632664;71:0.0009403216759090727","0.0048828125","0.005126953125","Yes"
"73","355.32890021939767","306.3249937704705","0.0048828125","0.0068359375","0.0029296875","2200","0.00022096037293264654","32","0.00022096037293264654","0","0.00022096037293264654","0.00022096037293264654","72:0.0015614201581821974;74:0.001731704959400504;79:0.0012863774145710771","72:68;74:68;79:68","72:0.001173748685632664;74:0.0012058075672402302;79:0.0013796882358441398","0.0048828125","0.003662109375","Yes"
"74","199.67946704281528","230.84267649764544","0.005859375","0.0029296875","0.0087890625","2200","0.0001305739140653068","32","0.0001305739140653068","0","0.0001305739140653068","0.0001305739140653068","73:0.001731704959400504;75:0.0008444329914934767","73:68;75:68","73:0.0012058075672402302;75:0.0008069512256733968","0.005859375","0.010009765625","Yes"
"75","339.2788639188052","517.978744740457","0.001953125","0.001953125","0.001953125","2200","0.00007163130156609125","32","0.00007163130156609125","0","0.00007163130156609125","0.00007163130156609125","59:0.0012721186799442286;74:0.0008444329914934767","59:68;74:68","59:0.0008568964793149447;74:0.0008069512256733968","0.001953125","0.001708984375","Yes"
"76","249.1871135761404","362.7831047569659","0.0068359375","0.00537109375","0.00830078125","2200","0.00019992092110657626","32","0.00019992092110657626","0","0.00019992092110657626","0.00019992092110657626","81:0.0014065366036259686;61:0.0009873583498487826","81:68;61:68","81:0.0008224802996700253;61:0.0008883554266934657","0.0068359375","0.005859375","Yes"
"77","243.18641319416597","294.51536014763917","0.006103515625","0.00732421875","0.0048828125","2200","0.00010146337198911162","32","0.00010146337198911162","0","0.00010146337198911162","0.00010146337198911162","85:0.10415566104720253;65:0.0008454017237768674","85:68;65:68","85:0.10206779725253787;65:0.001410293062878959","0.006103515625","0.0029296875","Yes"
"78","266.35739881168655","332.5492507574583","0.004638671875","0.00341796875","0.005859375","2200","0.00012110471642921519","32","0.00012110471642921519","0","0.00012110471642921519","0.00012110471642921519","69:0.0012301634495728575;89:0.001116095142609741","69:68;89:68","69:0.0009151913989307869;89:0.0013566859811318388","0.004638671875","0.00390625","Yes"
"79","174.68769177710612","228.40680604396667","0.00732421875","0.00732421875","0.00732421875","2200","0.00017053190717316243","32","0.00017053190717316243","0","0.00017053190717316243","0.00017053190717316243","93:0.0010749193790170752;73:0.0012863774145710771","93:68;73:68","93:0.0021786372748869576;73:0.0013796882358441398","0.00732421875","0.00341796875","Yes"
"80","193.40529885773248","331.69148313814446","0.002685546875","0.00439453125","0.0009765625","2200","0.00007406638220913148","32","0.00007406638220913148","0","0.00007406638220913148","0.00007406638220913148","81:0.0009185705955008505","81:68","81:0.0012090320175230096","0.002685546875","0.001953125","Yes"
"81","347.9461906449458","427.9424765237662","0.00537109375","0.00439453125","0.00634765625","2200","0.0001961792101765328","32","0.0001961792101765328","0","0.0001961792101765328","0.0001961792101765328","80:0.0009185705955008505;82:0.0013852706969371964;76:0.0014065366036259686","80:68;82:68;76:68","80:0.0012090320175230096;82:0.001131224719803564;76:0.0008224802996700253","0.00537109375","0.00341796875","Yes"
"82","323.6961572649558","588.6494575664185","0.003662109375","0.005859375","0.00146484375","2200","0.00013912490028531374","32","0.00013912490028531374","0","0.00013912490028531374","0.00013912490028531374","81:0.0013852706969371964;83:0.004905480613872609","81:68;83:68","81:0.001131224719803564;83:0.003673956914622939","0.003662109375","0.005859375","Yes"
"83","308.07351847947166","450.9233592357333","0.00390625","0.005859375","0.001953125","2200","0.0003750917618240146","32","0.0003750917618240146","0","0.0003750917618240146","0.0003750917618240146","96:0.004855368151391787;82:0.004905480613872609;84:0.004421930379936878","96:68;82:68;84:68","96:0.003341399483882429;82:0.003673956914622939;84:0.004153937703620297","0.00390625","0.00537109375","Yes"
"84","235.14009759341585","424.0581481745943","0.006103515625","0.009765625","0.00244140625","2200","0.00011144373319376591","32","0.00011144373319376591","0","0.00011144373319376591","0.00011144373319376591","83:0.004421930379936878;85:0.13794758038186627","83:68;85:68","83:0.004153937703620297","0.006103515625","0.002685546875","Yes"
"85","2.7205599892196997","27.443736507097928","0.226318359375","0.45166015625","0.0009765625","2200","","32","","0","","","77:0.10415566104720253;86:0.1152375694359572;84:0.13794758038186627","77:68;86:68;84:68","77:0.10206779725253787;86:0.13851693821101235","0.226318359375","0.277587890625","Yes"
"86","254.28603375198514","388.3626581482161","0.004638671875","0.00341796875","0.005859375","2200","0.00009300173038041163","32","0.00009300173038041163","0","0.00009300173038041163","0.00009300173038041163","85:0.1152375694359572;87:0.0022429333778791194","85:68;87:68","85:0.13851693821101235;87:0.0019044115216454438","0.004638671875","0.004150390625","Yes"
"87","273.9647152577974","458.4149307674672","0.004150390625","0.0068359375","0.00146484375","2200","0.00024975766644642276","32","0.00024975766644642276","0","0.00024975766644642276","0.00024975766644642276","86:0.0022429333778791194;88:0.0009942093160992538;97:0.000941546914545871","86:68;88:68;97:68","86:0.0019044115216454438;88:0.0009610021834572657;97:0.0007627396405225084","0.004150390625","0.003173828125","Yes"
"88","209.85925216866434","197.28399677707569","0.0029296875","0.00048828125","0.00537109375","2200","0.00016722049738308683","32","0.00016722049738308683","0","0.00016722049738308683","0.00016722049738308683","87:0.0009942093160992538;89:0.0012261969533182426","87:68;89:68","87:0.0009610021834572657;89:0.0014689967745018795","0.0029296875","0.00830078125","Yes"
"89","282.26854440853043","457.92025224254195","0.00634765625","0.00634765625","0.00634765625","2200","0.00011160910043579719","32","0.00011160910043579719","0","0.00011160910043579719","0.00011160910043579719","90:0.001076141260959118;88:0.0012261969533182426;78:0.001116095142609741","90:88;88:68;78:68","90:0.0009232498600917349;88:0.0014689967745018795;78:0.0013566859811318388","0.00634765625","0.004150390625","Yes"
"90","83.92500954604765","102.53253879186262","0.00537109375","0.00390625","0.0068359375","2200","0.00013017944407955526","32","0.00013017944407955526","0","0.00013017944407955526","0.00013017944407955526","89:0.001076141260959118;91:0.001912702449473641","89:88;91:68","89:0.0009232498600917349;91:0.0010768494889437097","0.00537109375","0.005126953125","Yes"
"91","312.2916654028009","408.88404228627286","0.003173828125","0.00439453125","0.001953125","2200","0.00004893697006437949","32","0.00004893697006437949","0","0.00004893697006437949","0.00004893697006437949","98:0.0008376116500621034;90:0.001912702449473641;92:0.0007149941569222495","98:68;90:68;92:68","98:0.001129921597828154;90:0.0010768494889437097;92:0.0010045782663564151","0.003173828125","0.003173828125","Yes"
"92","339.43355142127035","401.9197981805439","0.0068359375","0.00439453125","0.00927734375","2200","0.00011616773537452362","32","0.00011616773537452362","0","0.00011616773537452362","0.00011616773537452362","91:0.0007149941569222495;93:0.0007566951346960615","91:68;93:68","91:0.0010045782663564151;93:0.0009882113202258624","0.0068359375","0.006103515625","Yes"
"93","388.8458074682996","496.54942642865126","0.01123046875","0.0029296875","0.01953125","2200","0.00017840896790243153","32","0.00017840896790243153","0","0.00017840896790243153","0.00017840896790243153","94:0.0015900553880095203;79:0.0010749193790170752;92:0.0007566951346960615","94:68;79:68;92:68","94:0.0018670194806018892;79:0.0021786372748869576;92:0.0009882113202258624","0.01123046875","0.0107421875","Yes"
"94","221.36032361626832","257.38348368818447","0.004150390625","0.00537109375","0.0029296875","2200","0.0001792053025629315","32","0.0001792053025629315","0","0.0001792053025629315","0.0001792053025629315","93:0.0015900553880095203;95:0.0013538411818155571","93:68;95:68","93:0.0018670194806018892;95:0.0009632907173527383","0.004150390625","0.073974609375","Yes"
"95","285.02139032133374","384.70603285055967","0.00390625","0.00341796875","0.00439453125","2200","0.0001925862768170057","32","0.0001925862768170057","0","0.0001925862768170057","0.0001925862768170057","99:0.0012424792748416402;94:0.0013538411818155571","99:68;94:68","99:0.0009541013087933092;94:0.0009632907173527383","0.00390625","0.001220703125","Yes"
"96","349.94500526754194","392.1634184170343","0.0078125","0.00830078125","0.00732421875","2200","0.00014011099967554312","32","0.00014011099967554312","0","0.00014011099967554312","0.00014011099967554312","83:0.004855368151391787;103:0.0019440908716258365","83:68;103:68","83:0.003341399483882429;103:0.0019358632654652985","0.0078125","0.0087890625","Yes"
"97","290.1613466677371","392.18541416701976","0.00537109375","0.0068359375","0.00390625","2200","0.0001263761256188076","32","0.0001263761256188076","0","0.0001263761256188076","0.0001263761256188076","87:0.000941546914545871;107:0.002132634932203642","87:68;107:68","87:0.0007627396405225084;107:0.0009978677768584243","0.00537109375","0.021240234375","Yes"
"98","315.6370544147659","493.06984066078684","0.01025390625","0.0126953125","0.0078125","2200","0.00016396805062564174","32","0.00016396805062564174","0","0.00016396805062564174","0.00016396805062564174","91:0.0008376116500621034;111:0.0010760686286183097","91:68;111:68","91:0.001129921597828154;111:0.0009416286260989781","0.01025390625","0.011962890625","Yes"
"99","262.2972470911846","384.5967327166498","0.00830078125","0.00390625","0.0126953125","2200","0.00009165421485307666","32","0.00009165421485307666","0","0.00009165421485307666","0.00009165421485307666","115:0.0009500791351838012;95:0.0012424792748416402","115:68;95:68","115:0.0008812975852585114;95:0.0009541013087933092","0.00830078125","0.006103515625","Yes"
"100","228.01717607605875","369.30576583348795","0.00537109375","0.00537109375","0.00537109375","2200","0.00019670721771041443","32","0.00019670721771041443","0","0.00019670721771041443","0.00019670721771041443","101:0.002841894688255242","101:68","101:0.0027523706619531907","0.00537109375","0.008056640625","Yes"
"101","354.2295700777408","449.1195318270437","0.005615234375","0.005859375","0.00537109375","2200","0.0004109216273664343","32","0.0004109216273664343","0","0.0004109216273664343","0.0004109216273664343","100:0.002841894688255242;116:0.002744942041744136;102:0.006923167502831229","100:68;116:68;102:68","100:0.0027523706619531907;116:0.0030956223999444588;102:0.007683308836480246","0.005615234375","0.0068359375","Yes"
"102","305.6889004418143","458.5811031085899","0.00634765625","0.01123046875","0.00146484375","2200","0.00020846742280567613","32","0.00020846742280567613","0","0.00020846742280567613","0.00020846742280567613","101:0.006923167502831229;103:0.0011694650417523045","101:68;103:68","101:0.007683308836480246;103:0.0014649222608340007","0.00634765625","0.00439453125","Yes"
"103","389.1689136843888","557.7206845766983","0.005859375","0.0087890625","0.0029296875","2200","0.00014722020487217585","32","0.00014722020487217585","0","0.00014722020487217585","0.00014722020487217585","104:0.0019457259353729828;96:0.0019440908716258365;102:0.0011694650417523045","104:68;96:68;102:68","104:0.0013188213086632872;96:0.0019358632654652985;102:0.0014649222608340007","0.005859375","0.005126953125","Yes"
"104","335.4352300310943","548.8982511001338","0.0078125","0.0048828125","0.0107421875","2200","0.00039727013178353804","32","0.00039727013178353804","0","0.00039727013178353804","0.00039727013178353804","103:0.0019457259353729828;105:0.0011479498715909198","103:68;105:68","103:0.0013188213086632872;105:0.0010574070390726442","0.0078125","0.019775390625","Yes"
"105","369.42938787538384","391.74991629818715","0.005126953125","0.00244140625","0.0078125","2200","0.00007802616212568362","32","0.00007802616212568362","0","0.00007802616212568362","0.00007802616212568362","104:0.0011479498715909198;106:0.0008262573224233349;117:0.0012804970472863886","104:68;106:68;117:68","104:0.0010574070390726442;106:0.0008257095194902364;117:0.0014131548829562912","0.005126953125","0.009765625","Yes"
"106","214.4404869002159","315.0427359937119","0.0078125","0.00537109375","0.01025390625","2200","0.000133160860004899","32","0.000133160860004899","0","0.000133160860004899","0.000133160860004899","107:0.0008594904062866615;105:0.0008262573224233349","107:68;105:68","107:0.0009646513406735835;105:0.0008257095194902364","0.0078125","0.010986328125","Yes"
"107","43.23765087121511","55.7461285933896","0.001953125","0.00341796875","0.00048828125","2200","0.00015524900761125588","32","0.00015524900761125588","0","0.00015524900761125588","0.00015524900761125588","106:0.0008594904062866615;108:0.0008353976082199066;97:0.002132634932203642","106:68;108:68;97:68","106:0.0009646513406735835;108:0.000901578754546245;97:0.0009978677768584243","0.001953125","0.000732421875","Yes"
"108","233.36795793810094","285.9291886516738","0.006591796875","0.00439453125","0.0087890625","2200","0.00017452022378742422","32","0.00017452022378742422","0","0.00017452022378742422","0.00017452022378742422","107:0.0008353976082199066;109:0.001352448392754807","107:68;109:68","107:0.000901578754546245;109:0.0011990201207005835","0.006591796875","0.033447265625","Yes"
"109","228.56889137217433","300.4633058394648","0.011962890625","0.001953125","0.02197265625","2200","0.00024817464331108863","32","0.00024817464331108863","0","0.00024817464331108863","0.00024817464331108863","108:0.001352448392754807;110:0.0011145369104046399;118:0.00223308722313309","108:68;110:68;118:68","108:0.0011990201207005835;110:0.0009031675494766134;118:0.0020692467070691223","0.011962890625","0.005859375","Yes"
"110","288.44663956943003","339.68938031545036","0.010009765625","0.005859375","0.01416015625","2200","0.00021967682271316127","32","0.00021967682271316127","0","0.00021967682271316127","0.00021967682271316127","109:0.0011145369104046399;111:0.002062445273957242","109:68;111:68","109:0.0009031675494766134;111:0.0019323702776897766","0.010009765625","0.0087890625","Yes"
"111","217.94481886129577","306.67402925295414","0.004150390625","0.00537109375","0.0029296875","2200","0.00014694483737581963","32","0.00014694483737581963","0","0.00014694483737581963","0.00014694483737581963","112:0.0030803668330159073;110:0.002062445273957242;98:0.0010760686286183097","112:68;110:68;98:68","112:0.0018438635844313656;110:0.0019323702776897766;98:0.0009416286260989781","0.004150390625","0.005859375","Yes"
"112","45.11365768550047","85.89895396155754","0.0126953125","0.025390625","0","2200","0.00029078151398368937","32","0.00029078151398368937","0","0.00029078151398368937","0.00029078151398368937","111:0.0030803668330159073;113:0.0018798847323235057","111:68;113:68","111:0.0018438635844313656;113:0.0017169503193728286","0.0126953125","0.007080078125","Yes"
"113","271.923833215428","297.9683266776118","0.01513671875","0.00634765625","0.02392578125","2200","0.00018451438143176575","32","0.00018451438143176575","0","0.00018451438143176575","0.00018451438143176575","119:0.0010853319536245354;112:0.0018798847323235057;114:0.0017391045625108348","119:68;112:68;114:68","119:0.0012687982016788002;112:0.0017169503193728286;114:0.0017021522079986307","0.01513671875","0.008056640625","Yes"
"114","250.2930335952272","330.55550002342716","0.01416015625","0.025390625","0.0029296875","2200","0.00036692517047328543","32","0.00036692517047328543","0","0.00036692517047328543","0.00036692517047328543","115:0.0030972450417503794;113:0.0017391045625108348","115:68;113:68","115:0.0013892035816845671;113:0.0017021522079986307","0.01416015625","0.00732421875","Yes"
"115","323.1747259414","476.849129716648","0.005859375","0.00830078125","0.00341796875","2200","0.00012769009440013383","32","0.00012769009440013383","0","0.00012769009440013383","0.00012769009440013383","99:0.0009500791351838012;114:0.0030972450417503794","99:68;114:68","99:0.0008812975852585114;114:0.0013892035816845671","0.005859375","0.00439453125","Yes"
"116","296.4575953519475","340.4599870521842","0.011474609375","0.01416015625","0.0087890625","2200","0.00021993082980736048","32","0.00021993082980736048","0","0.00021993082980736048","0.00021993082980736048","101:0.002744942041744136;121:0.0028473514541855205","101:68;121:68","101:0.0030956223999444588;121:0.0020118558854744784","0.011474609375","0.0068359375","Yes"
"117","272.5455466004908","418.4045327714536","0.0048828125","0.0048828125","0.0048828125","2200","0.00022167565491623963","32","0.00022167565491623963","0","0.00022167565491623963","0.00022167565491623963","105:0.0012804970472863886;125:0.0011536017234646812","105:68;125:68","105:0.0014131548829562912;125:0.0012573964643790847","0.0048828125","0.035400390625","Yes"
"118","316.24449534953493","377.9477428243496","0.0048828125","0.0048828125","0.0048828125","2200","0.00007830091679286583","32","0.00007830091679286583","0","0.00007830091679286583","0.00007830091679286583","109:0.00223308722313309;129:0.0008275905409509121","109:68;129:68","109:0.0020692467070691223;129:0.000730154055764598","0.0048828125","0.00341796875","Yes"
"119","270.0003901416545","304.4743977461534","0.00439453125","0.00390625","0.0048828125","2200","0.00012098612509864806","32","0.00012098612509864806","0","0.00012098612509864806","0.00012098612509864806","113:0.0010853319536245354;133:0.0030521462896090368","113:68;133:68","113:0.0012687982016788002;133:0.0016832191963581655","0.00439453125","0.0068359375","Yes"
"120","302.2177116213161","278.481652984766","0.003662109375","0.00341796875","0.00390625","2200","0.0001617105436082679","32","0.0001617105436082679","0","0.0001617105436082679","0.0001617105436082679","121:0.0019522404051447728","121:68","121:0.0015885008914947596","0.003662109375","0.00439453125","Yes"
"121","344.04321026910674","259.22290679466096","0.006103515625","0.00537109375","0.0068359375","2200","0.00012227313232265506","32","0.00012227313232265506","0","0.00012227313232265506","0.00012227313232265506","120:0.0019522404051447728;122:0.0009729324910327797;116:0.0028473514541855205","120:68;122:68;116:68","120:0.0015885008914947596;122:0.0009770546946149261;116:0.0020118558854744784","0.006103515625","0.006591796875","Yes"
"122","297.00602439199497","298.6316431999181","0.004150390625","0.00537109375","0.0029296875","2200","0.000248373573689883","32","0.000248373573689883","0","0.000248373573689883","0.000248373573689883","121:0.0009729324910327797;123:0.0009982380387571488","121:68;123:68","121:0.0009770546946149261;123:0.0010886272420618237","0.004150390625","0.0048828125","Yes"
"123","336.25430173141456","287.4959950044238","0.00146484375","0.0029296875","0","2200","0.00015874853474237398","32","0.00015874853474237398","0","0.00015874853474237398","0.00015874853474237398","136:0.0008255040000883229;124:0.0008073470541120897;122:0.0009982380387571488","136:68;124:68;122:68","136:0.0010215231192176877;124:0.0007990572220838432;122:0.0010886272420618237","0.00146484375","0.001953125","Yes"
"124","283.8584716674049","415.93071302978797","0.01171875","0.0048828125","0.0185546875","2200","0.00008487464624360469","32","0.00008487464624360469","0","0.00008487464624360469","0.00008487464624360469","123:0.0008073470541120897;125:0.0006699601091142982","123:68;125:68","123:0.0007990572220838432;125:0.0007715980985320559","0.01171875","0.0087890625","Yes"
"125","276.81739141641725","363.0684526385176","0.00537109375","0.00390625","0.0068359375","2200","0.00013263585478037068","32","0.00013263585478037068","0","0.00013263585478037068","0.00013263585478037068","117:0.0011536017234646812;124:0.0006699601091142982;126:0.0007147193334723356","117:68;124:68;126:68","117:0.0012573964643790847;124:0.0007715980985320559;126:0.0012850089183817914","0.00537109375","0.005615234375","Yes"
"126","349.37690970007066","385.71697764623997","0.0068359375","0.0048828125","0.0087890625","2200","0.0002127035100258454","32","0.0002127035100258454","0","0.0002127035100258454","0.0002127035100258454","127:0.0009163282163881237;125:0.0007147193334723356","127:68;125:68","127:0.0010431976820663713;125:0.0012850089183817914","0.0068359375","0.004638671875","Yes"
"127","355.5703732806329","422.46917653148023","0.00634765625","0.00634765625","0.00634765625","2200","0.00009357557063492287","32","0.00009357557063492287","0","0.00009357557063492287","0.00009357557063492287","126:0.0009163282163881237;128:0.000867499391964982;137:0.000819444743377612","126:68;128:68;137:68","126:0.0010431976820663713;128:0.001183020849619354;137:0.0010421964578659904","0.00634765625","0.03173828125","Yes"
"128","342.7500249776036","324.9465034497904","0.009033203125","0.0048828125","0.01318359375","2200","0.00021432660754821408","32","0.00021432660754821408","0","0.00021432660754821408","0.00021432660754821408","127:0.000867499391964982;129:0.0011037805005717216","127:68;129:68","127:0.001183020849619354;129:0.0009919738864269667","0.009033203125","0.010498046875","Yes"
"129","225.5469400205264","298.90656552052485","0.0048828125","0.0048828125","0.0048828125","2200","0.00016503919253693856","32","0.00016503919253693856","0","0.00016503919253693856","0.00016503919253693856","130:0.000935887011559916;128:0.0011037805005717216;118:0.0008275905409509121","130:68;128:68;118:68","130:0.000908399595713788;128:0.0009919738864269667;118:0.000730154055764598","0.0048828125","0.005126953125","Yes"
"130","238.96890246319856","254.16015820706173","0.005859375","0.0029296875","0.0087890625","2200","0.0001357123317904002","32","0.0001357123317904002","0","0.0001357123317904002","0.0001357123317904002","129:0.000935887011559916;131:0.0013205873589743622","129:68;131:68","129:0.000908399595713788;131:0.000982332855722523","0.005859375","0.0078125","Yes"
"131","335.9778543597248","359.93207207539444","0.003173828125","0.00244140625","0.00390625","2200","0.00013027911855531185","32","0.00013027911855531185","0","0.00013027911855531185","0.00013027911855531185","138:0.000875560078930887;130:0.0013205873589743622;132:0.0007710572413533456","138:68;130:68;132:68","138:0.0010219498811946115;130:0.000982332855722523;132:0.0009497066959332778","0.003173828125","0.001220703125","Yes"
"132","261.860888467882","461.90352839631356","0.0048828125","0.00341796875","0.00634765625","2200","0.0000854181560358886","32","0.0000854181560358886","0","0.0000854181560358886","0.0000854181560358886","133:0.0027607197536221317;131:0.0007710572413533456","133:68;131:68","133:0.001638634465009503;131:0.0009497066959332778","0.0048828125","0.001220703125","Yes"
"133","356.14774435362693","429.59202675884916","0.007080078125","0.00341796875","0.0107421875","2200","0.00017234262144227025","32","0.00017234262144227025","0","0.00017234262144227025","0.00017234262144227025","132:0.0027607197536221317;134:0.0035962429278829366;119:0.0030521462896090368","132:68;134:68;119:68","132:0.001638634465009503;134:0.0024776176001325423;119:0.0016832191963581655","0.007080078125","0.009033203125","Yes"
"134","268.70100439108694","370.89059636500554","0.004638671875","0.00634765625","0.0029296875","2200","0.00011630711478729855","32","0.00011630711478729855","0","0.00011630711478729855","0.00011630711478729855","133:0.0035962429278829366;135:0.0012196862389789176","133:68;135:68","133:0.0024776176001325423;135:0.0010680653403721818","0.004638671875","0.00341796875","Yes"
"135","268.55766659572464","275.28227298724414","0.007080078125","0.0078125","0.00634765625","2200","0.0000945481513112192","32","0.0000945481513112192","0","0.0000945481513112192","0.0000945481513112192","134:0.0012196862389789176;139:0.0014391766889748359","134:68;139:68","134:0.0010680653403721818;139:0.0008443096113859294","0.007080078125","0.0048828125","Yes"
"136","245.38161820071812","282.565164250188","0.005615234375","0.00732421875","0.00390625","2200","0.00010919182064887315","32","0.00010919182064887315","0","0.00010919182064887315","0.00010919182064887315","123:0.0008255040000883229;143:0.0009706216325589545","123:68;143:68","123:0.0010215231192176877;143:0.0009631672211272424","0.005615234375","0.00537109375","Yes"
"137","318.2013048158725","403.6626876147341","0.010986328125","0.01171875","0.01025390625","2200","0.00016730073882220256","32","0.00016730073882220256","0","0.00016730073882220256","0.00016730073882220256","147:0.001032897874268468;127:0.000819444743377612","147:68;127:68","147:0.0010563665418714951;127:0.0010421964578659904","0.010986328125","0.019287109375","Yes"
"138","315.9500907739174","411.82953193974214","0.005859375","0.00341796875","0.00830078125","2200","0.000230010463672182","32","0.000230010463672182","0","0.000230010463672182","0.000230010463672182","151:0.0010592381687692665;131:0.000875560078930887","151:68;131:68","151:0.0009658728504017;131:0.0010219498811946115","0.005859375","0.0048828125","Yes"
"139","354.1647483460501","420.3530796083738","0.001708984375","0.00341796875","0","2200","0.00012060555611616016","32","0.00012060555611616016","0","0.00012060555611616016","0.00012060555611616016","155:0.0009415907734774409;135:0.0014391766889748359","155:68;135:68","155:0.0008972222787751172;135:0.0008443096113859294","0.001708984375","0.009765625","Yes"
"140","304.04684897134536","420.0069881063125","0.00146484375","0.0029296875","0","2200","0.00014673832017994578","32","0.00014673832017994578","0","0.00014673832017994578","0.00014673832017994578","141:0.0009369744254119627","141:68","141:0.0018857868720808524","0.00146484375","0.00439453125","Yes"
"141","354.5231687201554","420.9196396330094","0.0068359375","0.00732421875","0.00634765625","2200","0.00010718982489211144","32","0.00010718982489211144","0","0.00010718982489211144","0.00010718982489211144","140:0.0009369744254119627;142:0.0012768896494331217","140:68;142:68","140:0.0018857868720808524;142:0.001261779341910657","0.0068359375","0.00390625","Yes"
"142","265.73871347205375","192.66385708247384","0.00732421875","0.00341796875","0.01123046875","2200","0.00016658959964049546","32","0.00016658959964049546","0","0.00016658959964049546","0.00016658959964049546","143:0.0011032745235302066;141:0.0012768896494331217","143:68;141:68","143:0.0008398898187105819;141:0.001261779341910657","0.00732421875","0.024169921875","Yes"
"143","116.03284640564455","159.42259838513075","0.00439453125","0.0087890625","0","2200","0.00017680470846010465","32","0.00017680470846010465","0","0.00017680470846010465","0.00017680470846010465","142:0.0011032745235302066;144:0.0012470844742267229;136:0.0009706216325589545","142:68;144:88;136:68","142:0.0008398898187105819;144:0.001129257794737909;136:0.0009631672211272424","0.00439453125","0.00439453125","Yes"
"144","259.0003048194733","420.13616897387595","0.004638671875","0.00439453125","0.0048828125","2200","0.00011061209255911816","32","0.00011061209255911816","0","0.00011061209255911816","0.00011061209255911816","145:0.0012900886607036532;143:0.0012470844742267229","145:68;143:88","145:0.001026967506481874;143:0.001129257794737909","0.004638671875","0.00244140625","Yes"
"145","351.0184033201421","357.53145032031307","0.040771484375","0.02978515625","0.0517578125","2200","0.00011522588815204133","32","0.00011522588815204133","0","0.00011522588815204133","0.00011522588815204133","144:0.0012900886607036532;146:0.07611690273225921","144:68;146:108","144:0.001026967506481874;146:0.06181983202860336","0.040771484375","0.08203125","Yes"
"146","17.460707494135185","14.09577789113749","0.237548828125","0.20703125","0.26806640625","2200","","32","","0","","","145:0.07611690273225921;147:0.11017993179445651","145:108;147:68","145:0.06181983202860336;147:0.09280898085553335","0.237548828125","0.279052734375","Yes"
"147","275.0611085489524","401.27531345096935","0.004638671875","0.00634765625","0.0029296875","2200","0.0001444228556505002","32","0.0001444228556505002","0","0.0001444228556505002","0.0001444228556505002","148:0.0009895556219171597;137:0.001032897874268468;146:0.11017993179445651","148:68;137:68;146:68","148:0.0011247671094806733;137:0.0010563665418714951;146:0.09280898085553335","0.004638671875","0.021728515625","Yes"
"148","357.793317391153","383.75615419117014","0.00390625","0.0009765625","0.0068359375","2200","0.0001227474879438448","32","0.0001227474879438448","0","0.0001227474879438448","0.0001227474879438448","147:0.0009895556219171597;149:0.0017052617403075232","147:68;149:68","147:0.0011247671094806733;149:0.0011823567964155957","0.00390625","0.005615234375","Yes"
"149","197.89665832247775","260.1685338874484","0.00244140625","0.00390625","0.0009765625","2200","0.0001388608251763217","32","0.0001388608251763217","0","0.0001388608251763217","0.0001388608251763217","150:0.0024212131827138217;148:0.0017052617403075232","150:88;148:68","150:0.002459067681102628;148:0.0011823567964155957","0.00244140625","0.003662109375","Yes"
"150","315.57136914276765","328.94209452693724","0.00634765625","0.0048828125","0.0078125","2200","0.00009616267037936631","32","0.00009616267037936631","0","0.00009616267037936631","0.00009616267037936631","149:0.0024212131827138217;151:0.003194121880044115","149:88;151:68","149:0.002459067681102628;151:0.0027179041282699157","0.00634765625","0.005615234375","Yes"
"151","266.25691193140085","331.6134918153805","0.002197265625","0.0029296875","0.00146484375","2200","0.00009816177950070821","32","0.00009816177950070821","0","0.00009816177950070821","0.00009816177950070821","138:0.0010592381687692665;152:0.0013821570756547275;150:0.003194121880044115","138:68;152:68;150:68","138:0.0009658728504017;152:0.0016311438100705122;150:0.0027179041282699157","0.002197265625","0.00146484375","Yes"
"152","316.3529101784779","444.70724276071326","0.0087890625","0.00341796875","0.01416015625","2200","0.00016586208875818732","32","0.00016586208875818732","0","0.00016586208875818732","0.00016586208875818732","151:0.0013821570756547275;153:0.0014161396084578781","151:68;153:68","151:0.0016311438100705122;153:0.0008853231743061185","0.0087890625","0.00341796875","Yes"
"153","310.8886333331167","405.16585195044513","0.005615234375","0.0048828125","0.00634765625","2200","0.00017637070816654493","32","0.00017637070816654493","0","0.00017637070816654493","0.00017637070816654493","152:0.0014161396084578781;154:0.002600858869747369","152:68;154:96","152:0.0008853231743061185;154:0.0015234408190470672","0.005615234375","0.00634765625","Yes"
"154","325.9934270147557","324.72244231662575","0.007568359375","0.005859375","0.00927734375","2200","0.00030329312759226694","32","0.00030329312759226694","0","0.00030329312759226694","0.00030329312759226694","153:0.002600858869747369;155:0.0022080836894465827","153:96;155:68","153:0.0015234408190470672;155:0.0011051038984680739","0.007568359375","0.0107421875","Yes"
"155","188.05806945431294","211.07326562797022","0.005126953125","0.00537109375","0.0048828125","2200","0.00015807135155421643","32","0.00015807135155421643","0","0.00015807135155421643","0.00015807135155421643","139:0.0009415907734774409;154:0.0022080836894465827","139:68;154:68","139:0.0008972222787751172;154:0.0011051038984680739","0.005126953125","0.006103515625","Yes"